{
    "rules": [
        {
            "doc_location": "document.location.toString()"
        },
        {
            "appointment_title": "matchedElement.filter('dl > dd > span').innerHTML"
        },
        {
            "appointment_time": "matchedElement.filter('dl > dt').filter('i').innerHTML"
        },
        {
            "appointment_date_1": "matchedElement.parentsUntil('td').children(':firstChild').attr('id')"
        },
        {
            "appointment_date_2": "$('.currentDate:2').innerHTML"
        }
    ]
}